email,name,building,floor,capacity,features
c_hq2_oak@resource.calendar.google.com,HQ-2-Oak (8) [TV; Whiteboard],,,,
c_hq2_birch@resource.calendar.google.com,HQ-2-Birch (4) [TV],,,,
c_hq2_cedar@resource.calendar.google.com,HQ-2-Cedar (12) [TV; Video conferencing; Whiteboard],,,,
c_hq2_pine@resource.calendar.google.com,HQ-2-Pine (2),,,,
c_hq2_willow@resource.calendar.google.com,HQ-2-Willow (6) [Whiteboard],,,,
c_hq3_maple@resource.calendar.google.com,Maple,HQ,3,10,TV;Video conferencing
c_hq3_aspen@resource.calendar.google.com,Aspen,HQ,3,4,Whiteboard
c_hq3_spruce@resource.calendar.google.com,Spruce,HQ,3,20,TV;Video conferencing;Whiteboard;Wheelchair accessible
c_hq3_elm@resource.calendar.google.com,Elm,HQ,3,2,
c_hq3_hazel@resource.calendar.google.com,Hazel,HQ,3,6,TV
c_b2_4_dry_creek@resource.calendar.google.com,Dry Creek,Building 2,4,6,
c_b2_4_library@resource.calendar.google.com,Library,Building 2,4,30,
c_b2_4_gregory_canyon@resource.calendar.google.com,Gregory Canyon,Building 2,4,8,
c_b2_4_flagstaff@resource.calendar.google.com,Flagstaff,Building 2,4,8,
c_b2_4_chautauqua@resource.calendar.google.com,Chautauqua,Building 2,4,24,
c_b2_4_crown_rock@resource.calendar.google.com,Crown Rock,Building 2,4,6,
c_b2_4_bear_canyon@resource.calendar.google.com,Bear Canyon,Building 2,4,6,
c_b2_4_red_rocks@resource.calendar.google.com,Red Rocks,Building 2,4,6,
